{
  "entities": [
    {
      "id": "user",
      "label": "User / API Client",
      "style": {"shape": "rectangle", "color": "#232F3E", "text_color": "#FFFFFF"}
    },
    {
      "id": "api_gateway",
      "label": "Amazon API Gateway",
      "logo": "/content/sample_data/apigateway.png"
    },
    {
      "id": "lambda_ingest",
      "label": "AWS Lambda (Ingest Image & Query)",
      "logo": "/content/sample_data/lambda.png"
    },
    {
      "id": "s3",
      "label": "Amazon S3 (Store Images)",
      "logo": "/content/sample_data/s3bucket.png"
    },
    {
      "id": "bedrock_vlm",
      "label": "Amazon Bedrock (VLM, e.g., Sonnet)",
      "logo": "/content/sample_data/bedrock.png"
    },
    {
      "id": "bedrock_embeddings",
      "label": "Amazon Bedrock (Titan Text Embeddings)",
      "logo": "/content/sample_data/bedrock.png"
    },
    {
      "id": "opensearch",
      "label": "Amazon OpenSearch Service (Vector Search)",
      "logo": "/content/sample_data/opensearch.png"
    },
    {
      "id": "bedrock_llm",
      "label": "Amazon Bedrock (LLM, Generate Answer)",
      "logo": "/content/sample_data/bedrock.png"
    },
    {
      "id": "lambda_persist",
      "label": "AWS Lambda (Persist Query/Response in DynamoDB)",
      "logo": "/content/sample_data/lambda.png"
    },
    {
      "id": "dynamodb",
      "label": "DynamoDB (Conversation / Query Table)",
      "logo": "/content/sample_data/dynamodb.png"
    }
  ],

  "relationships": [
    {"source": "user", "target": "api_gateway", "label": "Send Query / Image"},
    {"source": "api_gateway", "target": "lambda_ingest", "label": "Forward Request"},
    {"source": "lambda_ingest", "target": "s3", "label": "Store Image"},
    {"source": "lambda_ingest", "target": "bedrock_vlm", "label": "Process Image"},
    {"source": "lambda_ingest", "target": "bedrock_embeddings", "label": "Generate Text Embeddings"},
    {"source": "bedrock_embeddings", "target": "opensearch", "label": "Vector Search / Retrieve Relevant Data"},
    {"source": "opensearch", "target": "bedrock_llm", "label": "Provide Context for Answer"},
    {"source": "bedrock_llm", "target": "lambda_persist", "label": "Return Generated Answer"},
    {"source": "lambda_persist", "target": "dynamodb", "label": "Persist Query/Response"},
    {"source": "lambda_persist", "target": "api_gateway", "label": "Return Answer to User"}
  ]
}
