{
  "entities": [
    {
      "id": "users",
      "label": "Users",
      "style": {"shape": "rectangle", "color": "#232F3E", "text_color": "#FFFFFF"}
    },
    {
      "id": "cloudfront_frontend",
      "label": "Amazon CloudFront (Serve Frontend)",
      "logo": "/content/sample_data/cloudfront.png"
    },
    {
      "id": "s3_frontend",
      "label": "S3 Frontend Bucket (React App)",
      "logo": "/content/sample_data/s3bucket.png"
    },
    {
      "id": "cognito",
      "label": "Amazon Cognito User Pool (Auth)",
      "logo": "/content/sample_data/cognito.png"
    },
    {
      "id": "waf",
      "label": "AWS WAF (Protection)",
      "logo": "/content/sample_data/waf.png"
    },
    {
      "id": "api_gateway_rest",
      "label": "API Gateway (REST)",
      "logo": "/content/sample_data/apigateway.png"
    },
    {
      "id": "lambda_fastapi",
      "label": "Lambda (FastAPI)",
      "logo": "/content/sample_data/lambda.png"
    },
    {
      "id": "bedrock",
      "label": "Amazon Bedrock (Claude 2)",
      "logo": "/content/sample_data/bedrock.png"
    },
    {
      "id": "api_gateway_ws",
      "label": "API Gateway (WebSocket)",
      "logo": "/content/sample_data/apigateway.png"
    },
    {
      "id": "lambda_publisher",
      "label": "Lambda (Publisher)",
      "logo": "/content/sample_data/lambda.png"
    },
    {
      "id": "sns",
      "label": "Amazon SNS",
      "logo": "/content/sample_data/sns.png"
    },
    {
      "id": "dynamodb",
      "label": "DynamoDB (Conversation Table)",
      "logo": "/content/sample_data/dynamodb.png"
    }
  ],

  "relationships": [
    {"source": "users", "target": "cloudfront_frontend", "label": "Access Frontend"},
    {"source": "cloudfront_frontend", "target": "s3_frontend", "label": "Serve React App"},
    {"source": "users", "target": "cognito", "label": "Authenticate"},
    {"source": "cloudfront_frontend", "target": "waf", "label": "Protected by WAF"},
    {"source": "users", "target": "api_gateway_rest", "label": "Send REST Requests"},
    {"source": "api_gateway_rest", "target": "lambda_fastapi", "label": "Forward Request"},
    {"source": "lambda_fastapi", "target": "bedrock", "label": "Call LLM (Claude 2)"},
    {"source": "bedrock", "target": "lambda_fastapi", "label": "Return Response"},
    {"source": "lambda_fastapi", "target": "api_gateway_rest", "label": "Return to User"},
    {"source": "users", "target": "api_gateway_ws", "label": "Open WebSocket"},
    {"source": "api_gateway_ws", "target": "lambda_publisher", "label": "Forward Messages"},
    {"source": "lambda_publisher", "target": "sns", "label": "Publish Events"},
    {"source": "sns", "target": "lambda_publisher", "label": "Trigger Lambda"},
    {"source": "lambda_publisher", "target": "dynamodb", "label": "Persist Conversations"}
  ]
}
