{
  "entities": [
    {
      "id": "users",
      "label": "Users",
      "style": {"shape": "rectangle", "color": "#232F3E", "text_color": "#FFFFFF"}
    },
    {
      "id": "lambda_stream",
      "label": "AWS Lambda (Response Streaming)",
      "logo": "/content/sample_data/lambda.png"
    },
    {
      "id": "bedrock",
      "label": "Amazon Bedrock (Model Streaming)",
      "logo": "/content/sample_data/bedrock.png"
    },
    {
      "id": "dynamodb",
      "label": "Amazon DynamoDB (Chat Memory)",
      "logo": "/content/sample_data/dynamodb.png"
    }
  ],

  "relationships": [
    {"source": "users", "target": "lambda_stream", "label": "Send Messages / Receive Stream"},
    {"source": "lambda_stream", "target": "bedrock", "label": "Stream Queries & Responses"},
    {"source": "bedrock", "target": "lambda_stream", "label": "Stream Model Output"},
    {"source": "lambda_stream", "target": "dynamodb", "label": "Persist / Retrieve Chat Memory"},
    {"source": "dynamodb", "target": "lambda_stream", "label": "Return Memory Context"}
  ]
}
