{
  "entities": [
    {
      "id": "event_sources",
      "label": "Event CLI / Other Providers",
      "style": {"shape": "rectangle", "color": "#232F3E", "text_color": "#FFFFFF"}
    },
    {
      "id": "route53",
      "label": "Amazon Route 53 (DNS)",
      "logo": "/content/sample_data/route53.png"
    },
    {
      "id": "api_gateway",
      "label": "Amazon API Gateway (Ingestion API)",
      "logo": "/content/sample_data/apigateway.png"
    },
    {
      "id": "lambda_api_key",
      "label": "AWS Lambda (API Key Authorizer)",
      "logo": "/content/sample_data/lambda.png"
    },
    {
      "id": "dynamodb_keys",
      "label": "Amazon DynamoDB (API Key Store)",
      "logo": "/content/sample_data/dynamodb.png"
    },
    {
      "id": "lambda_ingestion",
      "label": "AWS Lambda (Ingestion API Logic)",
      "logo": "/content/sample_data/lambda.png"
    },
    {
      "id": "s3_data_lake",
      "label": "Amazon S3 (Data Lake)",
      "logo": "/content/sample_data/s3bucket.png"
    },
    {
      "id": "sns_bus",
      "label": "Amazon SNS (Message Bus)",
      "logo": "/content/sample_data/sns.png"
    }
  ],

  "relationships": [
    {"source": "event_sources", "target": "route53", "label": "Resolve DNS"},
    {"source": "route53", "target": "api_gateway", "label": "Send Event Request"},
    {"source": "api_gateway", "target": "lambda_api_key", "label": "Validate API Key"},
    {"source": "lambda_api_key", "target": "dynamodb_keys", "label": "Check API Key Store"},
    {"source": "api_gateway", "target": "lambda_ingestion", "label": "Forward Valid Request"},
    {"source": "lambda_ingestion", "target": "s3_data_lake", "label": "Store Event Data"},
    {"source": "lambda_ingestion", "target": "sns_bus", "label": "Publish Event Message"}
  ]
}
