{
  "entities": [
    {
      "id": "client",
      "label": "Client",
      "style": {"shape": "rectangle", "color": "#232F3E", "text_color": "#FFFFFF"}
    },
    {
      "id": "cloudfront_in",
      "label": "Amazon CloudFront",
      "logo": "/content/sample_data/cloudfront.png"
    },
    {
      "id": "api_gateway",
      "label": "Amazon API Gateway",
      "logo": "/content/sample_data/apigateway.png"
    },
    {
      "id": "lambda_upload",
      "label": "AWS Lambda (Upload / Original Image)",
      "logo": "/content/sample_data/lambda.png"
    },
    {
      "id": "s3_original",
      "label": "Amazon S3 Bucket (Original Image)",
      "logo": "/content/sample_data/s3bucket.png"
    },
    {
      "id": "lambda_optimize",
      "label": "AWS Lambda (Image Optimization)",
      "logo": "/content/sample_data/lambda.png"
    },
    {
      "id": "cloudfront_out",
      "label": "Amazon CloudFront (Serve Optimized Image)",
      "logo": "/content/sample_data/cloudfront.png"
    }
  ],

  "relationships": [
    {"source": "client", "target": "cloudfront_in", "label": "Access Service / Upload"},
    {"source": "cloudfront_in", "target": "api_gateway", "label": "Forward Request"},
    {"source": "api_gateway", "target": "cloudfront_in", "label": "Forward Request"},
    {"source": "api_gateway", "target": "lambda_upload", "label": "Handle Original Image"},
    {"source": "lambda_upload", "target": "s3_original", "label": "Store Original Image"},
    {"source": "s3_original", "target": "lambda_optimize", "label": "Trigger Optimization"},
    {"source": "lambda_optimize", "target": "api_gateway", "label": "Return Optimized Image"},
    {"source": "api_gateway", "target": "cloudfront_out", "label": "Serve Optimized Image"}
  ]
}
