{
  "entities": [
    {
      "id": "users",
      "label": "Users",
      "style": {"shape": "rectangle", "color": "#232F3E", "text_color": "#FFFFFF"}
    },
    {
      "id": "waf",
      "label": "AWS WAF",
      "logo": "/content/sample_data/waf.png"
    },
    {
      "id": "cloudfront",
      "label": "Amazon CloudFront",
      "logo": "/content/sample_data/cloudfront.png"
    },
    {
      "id": "elb",
      "label": "Elastic Load Balancer (Public Subnet)",
      "logo": "/content/sample_data/elb.png"
    },
    {
      "id": "app_servers",
      "label": "App Servers (Private Subnets)",
      "logo": "/content/sample_data/ec2.png"
    },
    {
      "id": "database",
      "label": "Database (Private Subnets)",
      "logo": "/content/sample_data/rds.png"
    },
    {
      "id": "nat_gateway",
      "label": "NAT Gateway",
      "logo": "/content/sample_data/natgateway.png"
    },
    {
      "id": "external_services",
      "label": "External AWS/Third‑Party Services",
      "logo": "/content/sample_data/external.png"
    }
  ],

  "relationships": [
    {"source": "users", "target": "waf", "label": "Send Requests"},
    {"source": "waf", "target": "cloudfront", "label": "Filter & Forward"},
    {"source": "cloudfront", "target": "elb", "label": "Deliver Requests"},
    {"source": "elb", "target": "app_servers", "label": "Load Balance"},
    {"source": "app_servers", "target": "database", "label": "Read/Write Data"},
    {"source": "app_servers", "target": "nat_gateway", "label": "Outbound Traffic"},
    {"source": "nat_gateway", "target": "external_services", "label": "Access Internet Services"}
  ]
}
