{
  "entities": [
    {
      "id": "users",
      "label": "Users (Caller)",
      "style": {"shape": "rectangle", "color": "#232F3E", "text_color": "#FFFFFF"}
    },
    {
      "id": "phone",
      "label": "Phone",
      "style": {"shape": "rectangle", "color": "#6A5ACD", "text_color": "#FFFFFF"}
    },
    {
      "id": "connect",
      "label": "Amazon Connect",
      "logo": "/content/sample_data/connect.png"
    },
    {
      "id": "lex",
      "label": "Amazon Lex",
      "logo": "/content/sample_data/lex.png"
    },
    {
      "id": "lambda",
      "label": "AWS Lambda",
      "logo": "/content/sample_data/lambda.png"
    },
    {
      "id": "dynamodb",
      "label": "Amazon DynamoDB",
      "logo": "/content/sample_data/dynamodb.png"
    }
  ],

  "relationships": [
    {"source": "users", "target": "phone", "label": "Call"},
    {"source": "phone", "target": "connect", "label": "Route Call"},
    {"source": "connect", "target": "lex", "label": "Trigger Lex Bot"},
    {"source": "lex", "target": "lambda", "label": "Invoke Lambda for Logic"},
    {"source": "lambda", "target": "dynamodb", "label": "Read / Write Data"},
    {"source": "dynamodb", "target": "lambda", "label": "Return Data"},
    {"source": "lambda", "target": "lex", "label": "Return Response"},
    {"source": "lex", "target": "connect", "label": "Send Response to Call Flow"},
    {"source": "connect", "target": "users", "label": "Deliver Response via Phone"}
  ]
}
