{
  "entities": [
    {
      "id": "system_admin",
      "label": "System Admin",
      "style": {"shape": "rectangle", "color": "#232F3E", "text_color": "#FFFFFF"}
    },
    {
      "id": "iam",
      "label": "AWS IAM (Authenticate)",
      "logo": "/content/sample_data/iam.png"
    },
    {
      "id": "sso",
      "label": "AWS SSO (Set Up)",
      "logo": "/content/sample_data/sso.png"
    },
    {
      "id": "sagemaker_domain",
      "label": "SageMaker Studio Domain",
      "logo": "/content/sample_data/sagemaker.png"
    },
    {
      "id": "researchers",
      "label": "Researchers",
      "style": {"shape": "rectangle", "color": "#2E8B57", "text_color": "#FFFFFF"}
    },
    {
      "id": "ec2_build",
      "label": "EC2 (Build Custom Images)",
      "logo": "/content/sample_data/ec2.png"
    },
    {
      "id": "ecr",
      "label": "Amazon ECR (Push Images)",
      "logo": "/content/sample_data/ecr.png"
    },
    {
      "id": "sagemaker_images",
      "label": "Attach Images to SageMaker Studio",
      "logo": "/content/sample_data/sagemaker.png"
    },
    {
      "id": "jupyter",
      "label": "Jupyter Notebooks (Use Custom Images)",
      "logo": "/content/sample_data/jupyter.png"
    }
  ],

  "relationships": [
    {"source": "system_admin", "target": "iam", "label": "Authenticate"},
    {"source": "iam", "target": "sso", "label": "Set Up SSO"},
    {"source": "sso", "target": "sagemaker_domain", "label": "Create Studio Domain"},
    {"source": "sagemaker_domain", "target": "researchers", "label": "Assign Researchers"},
    {"source": "system_admin", "target": "ec2_build", "label": "Launch EC2 to Build Images"},
    {"source": "ec2_build", "target": "ecr", "label": "Push Images"},
    {"source": "ecr", "target": "sagemaker_images", "label": "Attach Images"},
    {"source": "sagemaker_images", "target": "jupyter", "label": "Use Custom Images in Notebooks"}
  ]
}
