{
  "entities": [
    {
      "id": "users",
      "label": "Users",
      "style": {"shape": "rectangle", "color": "#232F3E", "text_color": "#FFFFFF"}
    },
    {
      "id": "cloudfront_in",
      "label": "Amazon CloudFront (Serve Frontend)",
      "logo": "/content/sample_data/cloudfront.png"
    },
    {
      "id": "s3_uploads",
      "label": "S3 Uploads Bucket",
      "logo": "/content/sample_data/s3bucket.png"
    },
    {
      "id": "lambda_face_blur",
      "label": "Lambda Face-Blurring Function",
      "logo": "/content/sample_data/lambda.png"
    },
    {
      "id": "rekognition",
      "label": "Amazon Rekognition (Detect Faces)",
      "logo": "/content/sample_data/rekognition.png"
    },
    {
      "id": "lambda_blur_write",
      "label": "Lambda (Blur Faces, Write Result)",
      "logo": "/content/sample_data/lambda.png"
    },
    {
      "id": "s3_blurred",
      "label": "S3 Blurred Photos Bucket",
      "logo": "/content/sample_data/s3bucket.png"
    },
    {
      "id": "cloudfront_out",
      "label": "Amazon CloudFront (Serve Blurred Images)",
      "logo": "/content/sample_data/cloudfront.png"
    },
    {
      "id": "ses",
      "label": "Amazon SES (Send Email Link)",
      "logo": "/content/sample_data/ses.png"
    }
  ],

  "relationships": [
    {"source": "users", "target": "cloudfront_in", "label": "Access Frontend"},
    {"source": "cloudfront_in", "target": "s3_uploads", "label": "Upload Photos"},
    {"source": "s3_uploads", "target": "lambda_face_blur", "label": "Trigger Lambda"},
    {"source": "lambda_face_blur", "target": "rekognition", "label": "Detect Faces"},
    {"source": "rekognition", "target": "lambda_blur_write", "label": "Return Bounding Boxes"},
    {"source": "lambda_blur_write", "target": "s3_blurred", "label": "Save Blurred Photos"},
    {"source": "s3_blurred", "target": "cloudfront_out", "label": "Serve Processed Images"},
    {"source": "cloudfront_out", "target": "users", "label": "Deliver Blurred Photos"},
    {"source": "lambda_blur_write", "target": "ses", "label": "Send Email (Optional)"}
  ]
}
