{
  "entities": [
    {
      "id": "users",
      "label": "Users",
      "style": {"shape": "rectangle", "color": "#232F3E", "text_color": "#FFFFFF"}
    },
    {
      "id": "amplify",
      "label": "Amplify Frontend",
      "logo": "/content/sample_data/amplify.png"
    },
    {
      "id": "cognito",
      "label": "Amazon Cognito (Login)",
      "logo": "/content/sample_data/cognito.png"
    },
    {
      "id": "api_gateway",
      "label": "API Gateway",
      "logo": "/content/sample_data/apigateway.png"
    },
    {
      "id": "vpc_link",
      "label": "VPC Link",
      "logo": "/content/sample_data/vpc.png"
    },
    {
      "id": "lambda_t2i",
      "label": "Lambda (Text→Image)",
      "logo": "/content/sample_data/lambda.png"
    },
    {
      "id": "lambda_t2t",
      "label": "Lambda (Text→Text)",
      "logo": "/content/sample_data/lambda.png"
    },
    {
      "id": "lambda_rag",
      "label": "Lambda (RAG Search)",
      "logo": "/content/sample_data/lambda.png"
    },
    {
      "id": "sagemaker_t2i",
      "label": "SageMaker Endpoint (Text→Image)",
      "logo": "/content/sample_data/sagemaker.png"
    },
    {
      "id": "sagemaker_t2t",
      "label": "SageMaker Endpoint (Text→Text)",
      "logo": "/content/sample_data/sagemaker.png"
    },
    {
      "id": "sagemaker_embedding",
      "label": "SageMaker Endpoint (Text→Embedding)",
      "logo": "/content/sample_data/sagemaker.png"
    },
    {
      "id": "opensearch",
      "label": "Amazon OpenSearch (Embeddings Index)",
      "logo": "/content/sample_data/opensearch.png"
    },
    {
      "id": "fargate_indexing",
      "label": "Fargate Indexing Job (Documents → Embeddings)",
      "logo": "/content/sample_data/fargate.png"
    },
    {
      "id": "sagemaker_notebook",
      "label": "SageMaker Notebook (Setup / Deploy Endpoints)",
      "logo": "/content/sample_data/sagemaker.png"
    }
  ],

  "relationships": [
    {"source": "users", "target": "amplify", "label": "Access Frontend"},
    {"source": "amplify", "target": "cognito", "label": "Authenticate"},
    {"source": "amplify", "target": "api_gateway", "label": "Send Requests"},
    {"source": "api_gateway", "target": "vpc_link", "label": "VPC Link for Endpoints"},
    
    {"source": "api_gateway", "target": "lambda_t2i", "label": "Text→Image Request"},
    {"source": "lambda_t2i", "target": "sagemaker_t2i", "label": "Invoke Endpoint"},
    {"source": "sagemaker_t2i", "target": "lambda_t2i", "label": "Return Image"},
    {"source": "lambda_t2i", "target": "users", "label": "Deliver Image"},

    {"source": "api_gateway", "target": "lambda_t2t", "label": "Text→Text Request"},
    {"source": "lambda_t2t", "target": "sagemaker_t2t", "label": "Invoke Endpoint"},
    {"source": "sagemaker_t2t", "target": "lambda_t2t", "label": "Return Text"},
    {"source": "lambda_t2t", "target": "users", "label": "Deliver Text"},

    {"source": "api_gateway", "target": "lambda_rag", "label": "RAG Search Request"},
    {"source": "lambda_rag", "target": "sagemaker_embedding", "label": "Generate Embeddings"},
    {"source": "sagemaker_embedding", "target": "opensearch", "label": "Vector Search"},
    {"source": "opensearch", "target": "lambda_rag", "label": "Return Relevant Context"},
    {"source": "lambda_rag", "target": "users", "label": "Deliver Answer"},

    {"source": "fargate_indexing", "target": "sagemaker_embedding", "label": "Generate Embeddings for Documents"},
    {"source": "sagemaker_embedding", "target": "opensearch", "label": "Index Embeddings"},

    {"source": "sagemaker_notebook", "target": "sagemaker_t2i", "label": "Deploy Text→Image Endpoint"},
    {"source": "sagemaker_notebook", "target": "sagemaker_t2t", "label": "Deploy Text→Text Endpoint"},
    {"source": "sagemaker_notebook", "target": "sagemaker_embedding", "label": "Deploy Text→Embedding Endpoint"}
  ]
}
