{
  "entities": [
    {
      "id": "users",
      "label": "Users",
      "style": {"shape": "rectangle", "color": "#232F3E", "text_color": "#FFFFFF"}
    },
    {
      "id": "s3_static",
      "label": "Amazon S3 (Static Pages Hosting)",
      "logo": "/content/sample_data/s3bucket.png"
    },
    {
      "id": "api_gateway",
      "label": "Amazon API Gateway",
      "logo": "/content/sample_data/apigateway.png"
    },
    {
      "id": "lambda_bedrock",
      "label": "AWS Lambda (Bedrock Text Generation)",
      "logo": "/content/sample_data/lambda.png"
    },
    {
      "id": "bedrock",
      "label": "Amazon Bedrock (LLM)",
      "logo": "/content/sample_data/bedrock.png"
    }
  ],

  "relationships": [
    {"source": "users", "target": "s3_static", "label": "Access Static Site"},
    {"source": "users", "target": "api_gateway", "label": "Send Text Request"},
    {"source": "api_gateway", "target": "lambda_bedrock", "label": "Forward Request"},
    {"source": "lambda_bedrock", "target": "bedrock", "label": "Generate Text"},
    {"source": "bedrock", "target": "lambda_bedrock", "label": "Return Response"},
    {"source": "lambda_bedrock", "target": "api_gateway", "label": "Return to User"}
  ]
}
