{
  "entities": [
    { "id": "camera", "label": "High-Quality Industrial Camera", "logo": "/content/sample_data/camera.png" },
    { "id": "rtsp_listener", "label": "RTSP Stream Listener", "logo": "/content/sample_data/rtsp.png" },
    { "id": "blob_storage_input", "label": "Azure Blob Storage (Input)", "logo": "/content/sample_data/blob.png" },
    { "id": "event_hubs", "label": "Azure Event Grid / Event Hubs", "logo": "/content/sample_data/eventhub.png" },
    { "id": "azure_function", "label": "Azure Function", "logo": "/content/sample_data/function.png" },

    { "id": "ml_pipeline", "label": "ML Pipeline", "logo": "/content/sample_data/ml_pipeline.png" },
    { "id": "jupyter", "label": "Jupyter Notebook", "logo": "/content/sample_data/jupyter.png" },
    { "id": "azure_ml", "label": "Azure Machine Learning", "logo": "/content/sample_data/azureml.png" },
    { "id": "logic_apps", "label": "Azure Logic Apps", "logo": "/content/sample_data/logicapps.png" },
    { "id": "inference_cluster", "label": "Inference Cluster", "logo": "/content/sample_data/aks.png" },

    { "id": "inference_output", "label": "Inference Results (JSON + Image)", "logo": "/content/sample_data/output.png" },
    { "id": "signalr", "label": "Azure SignalR", "logo": "/content/sample_data/signalr.png" },
    { "id": "web_app", "label": "Web Application", "logo": "/content/sample_data/webapp.png" },
    { "id": "cosmos_db", "label": "Azure Cosmos DB", "logo": "/content/sample_data/cosmosdb.png" },
    { "id": "blob_storage_output", "label": "Azure Blob Storage (Output)", "logo": "/content/sample_data/blob.png" }
  ],

  "relationships": [
    { "source": "camera", "target": "rtsp_listener", "label": "Capture Stream" },
    { "source": "rtsp_listener", "target": "blob_storage_input", "label": "Store Frames" },
    { "source": "blob_storage_input", "target": "event_hubs", "label": "Notify Event" },
    { "source": "event_hubs", "target": "azure_function", "label": "Trigger Function" },

    { "source": "azure_function", "target": "ml_pipeline", "label": "Invoke ML Pipeline" },
    { "source": "ml_pipeline", "target": "jupyter", "label": "Exploration" },
    { "source": "ml_pipeline", "target": "azure_ml", "label": "Training" },
    { "source": "ml_pipeline", "target": "logic_apps", "label": "Orchestration" },
    { "source": "ml_pipeline", "target": "inference_cluster", "label": "Deploy Model" },

    { "source": "inference_cluster", "target": "inference_output", "label": "Inference Results" },
    { "source": "inference_output", "target": "signalr", "label": "Real-Time Feed" },
    { "source": "inference_output", "target": "cosmos_db", "label": "Store Metadata" },
    { "source": "inference_output", "target": "blob_storage_output", "label": "Save Outputs" },

    { "source": "signalr", "target": "web_app", "label": "Live Display" },
    { "source": "cosmos_db", "target": "web_app", "label": "Fetch Metadata" },
    { "source": "blob_storage_output", "target": "web_app", "label": "Fetch Images" }
  ]
}
